-- Auto-generated by scripts/migrate/generate_inventory_migration.py
-- DO NOT EDIT MANUALLY

BEGIN;

-- ============================================================
-- inventory_categories  (27 rows)
-- ============================================================
INSERT INTO inventory_categories (id, name_en, name_ar, sku, type) VALUES
  ('76b7c983-e3c5-471a-800e-025416ffdd98', 'AC – Split – Piston', 'مكيف سبلت – بيستون', 'AC-SPL-PST', 'products'),
  ('75d5b0d8-5106-4156-94e2-26e1f722cf89', 'AC – Split – Rotary', 'مكيف سبلت – روتاري', 'AC-SPL-ROT', 'products'),
  ('fe1de229-48c9-455a-8855-2a79ace05572', 'AC – Split – Inverter', 'مكيف سبلت – إنفرتر', 'AC-SPL-INV', 'products'),
  ('32298f25-96fa-4fdf-b48e-3484d0b1a88b', 'AC – Window – Piston', 'مكيف شباك – بيستون', 'AC-WIN-PST', 'products'),
  ('012b664c-a3d2-4717-975f-e5dcd6b23bf5', 'AC – Window – Rotary', 'مكيف شباك – روتاري', 'AC-WIN-ROT', 'products'),
  ('14516809-d8a2-49ef-b4d5-b957068cfe0b', 'AC – Window – Inverter', 'مكيف شباك – إنفرتر', 'AC-WIN-INV', 'products'),
  ('a9c03463-14ef-4122-9a6e-4c5ed1136c35', 'AC – Stand – Rotary', 'مكيف ستاند – روتاري', 'AC-STD-ROT', 'products'),
  ('149e924e-daee-422a-8f27-952e9e2c389d', 'AC – Stand – Copeland', 'مكيف ستاند – كوبلاند', 'AC-STD-COP', 'products'),
  ('382a3565-9fb0-4313-a59a-a71567b1b2d0', 'AC – Stand – Inverter', 'مكيف ستاند – إنفرتر', 'AC-STD-INV', 'products'),
  ('508c41ee-5499-42eb-8491-e39ccd595d3f', 'AC – Floor Ceiling – Inverter', 'مكيف أرضي سقفي – إنفرتر', 'AC-FC-INV', 'products'),
  ('7f75fd0f-3b7e-4a62-a1c6-2aeaec9d39e9', 'Water Cooler – Piston', 'مبرد مياه – بيستون', 'WC-PST', 'products'),
  ('d98492bf-7209-43ce-b099-fcb20ffcf500', 'Water Cooler – Rotary', 'مبرد مياه – روتاري', 'WC-ROT', 'products'),
  ('b84b640d-163f-41b3-bc74-e0158ae9bcd2', 'Water Heater', 'سخان مياه', 'WH', 'products'),
  ('a8a637cd-dd29-48c6-9068-c7e76008431b', 'Water Pump – Circulation', 'مضخة دوران', 'WP-CIRC', 'spare-parts'),
  ('206a6933-4461-4840-8cc2-3d1114f088ea', 'Water Pump – Potable – In-line Normal', 'مضخة شرب – خط طبيعي', 'WP-POT-ILN', 'spare-parts'),
  ('1b0c9021-e479-4b0f-b8d0-dea24d2fc343', 'Water Pump – Potable – In-line Silent', 'مضخة شرب – صامتة', 'WP-POT-ILS', 'spare-parts'),
  ('894526d3-96a7-4f15-92ba-e45ccf9ac364', 'Water Pump – Potable – Submersible', 'مضخة شرب – غاطسة', 'WP-POT-SUB', 'spare-parts'),
  ('b309416e-a13e-462d-ac03-b439f2346fb8', 'Water Pump – Sewage', 'مضخة صرف صحي', 'WP-SEW', 'spare-parts'),
  ('4e909860-5568-4895-9bf5-1568c16f7445', 'Water Pump – Rainwater', 'مضخة مياه أمطار', 'WP-RAIN', 'spare-parts'),
  ('51e69038-3b65-477c-9517-95c39e238aa6', 'Electrical – Sockets & Switches', 'كهرباء – مقابس ومفاتيح', 'EL-SOCK', 'spare-parts'),
  ('29781309-4009-4554-84e2-bb9b5ac837cb', 'Electrical – MCB & ELCB', 'كهرباء – قواطع', 'EL-MCB', 'spare-parts'),
  ('15cb17bc-47c1-4d73-849a-849f7897a93b', 'Electrical – LED Lighting', 'كهرباء – إضاءة LED', 'EL-LED', 'spare-parts'),
  ('9d7944d7-b51b-40dc-b86c-08869a3a8739', 'Electrical – Timer Switches', 'كهرباء – مؤقتات', 'EL-TIMER', 'spare-parts'),
  ('7a8cfc70-df14-435c-9f63-e8c26c06a056', 'Electrical – Isolators & Outlets', 'كهرباء – معزلات', 'EL-ISO', 'spare-parts'),
  ('174863e7-3522-4f83-8151-a2ce2cd4d586', 'Plumbing – Valves', 'سباكة – صمامات', 'PL-VALV', 'spare-parts'),
  ('2f6b80e7-8a03-4f66-a453-2db2e7809e27', 'Plumbing – Hoses & Fittings', 'سباكة – خراطيم وتوصيلات', 'PL-HOSE', 'spare-parts'),
  ('c97e0ef1-33fb-400e-b0c7-819b481331e2', 'Plumbing – Float Switches & Controls', 'سباكة – عوامات وضغط', 'PL-CTRL', 'spare-parts')
ON CONFLICT (id) DO NOTHING;

-- ============================================================
-- inventory_items  (83 rows)
-- ============================================================
INSERT INTO inventory_items (id, category_id, name_en, name_ar, sku, unit) VALUES
  ('cd3cb203-375e-44fa-b23e-75f9c01962e8', 'd98492bf-7209-43ce-b099-fcb20ffcf500', '1.5 Ton', '1.5 طن', 'WC-ROT-1_5T', 'pcs'),
  ('da570d4e-7845-4618-a4c4-425815d67b15', 'd98492bf-7209-43ce-b099-fcb20ffcf500', '2 Ton', '2 طن', 'WC-ROT-2T', 'pcs'),
  ('9cac0a31-e017-4e5e-93a0-209c14f644c8', '7f75fd0f-3b7e-4a62-a1c6-2aeaec9d39e9', '1.5 Ton', '1.5 طن', 'WC-PST-1_5T', 'pcs'),
  ('afa17183-2b09-4270-9090-1fbef5021b93', '7f75fd0f-3b7e-4a62-a1c6-2aeaec9d39e9', '2 Ton', '2 طن', 'WC-PST-2T', 'pcs'),
  ('bb9dbe59-33d9-4edb-bf18-e9fcc8ee46b2', 'd98492bf-7209-43ce-b099-fcb20ffcf500', '3 Ton', '3 طن', 'WC-ROT-3T', 'pcs'),
  ('7fc312e8-0746-4992-93af-68ed1903ef07', 'b84b640d-163f-41b3-bc74-e0158ae9bcd2', '80 Gallon', 'سخان 80 جالون', 'WH-80-Gallon', 'pcs'),
  ('f2a820e9-8d37-4f72-8a50-e27ee7ca1158', 'a8a637cd-dd29-48c6-9068-c7e76008431b', 'Circulation Pump', 'مضخة دوران', 'WP-CIRC-PUMP', 'pcs'),
  ('5fb841ed-7876-42ab-919a-8d4995019a20', '1b0c9021-e479-4b0f-b8d0-dea24d2fc343', '1 HP', '1 حصان', 'WP-ILS-1HP', 'pcs'),
  ('d561d0af-b056-4518-8d97-89dbfb4b0d4b', '1b0c9021-e479-4b0f-b8d0-dea24d2fc343', '1.3 HP', '1.3 حصان', 'WP-ILS-13HP', 'pcs'),
  ('783c72a7-8420-40a2-93f0-0ff7559820f7', '894526d3-96a7-4f15-92ba-e45ccf9ac364', 'SCM 4', 'SCM 4', 'WP-SUB-SCM4', 'pcs'),
  ('2fe09337-f8a1-4c81-a16f-46368842ea5f', '894526d3-96a7-4f15-92ba-e45ccf9ac364', 'SP 22 Dirt', 'SP 22 Dirt', 'WP-SUB-SP22', 'pcs'),
  ('c2bd073d-f71e-4790-a442-d18e023637fc', '894526d3-96a7-4f15-92ba-e45ccf9ac364', 'SP7', 'SP7', 'WP-SUB-SP7', 'pcs'),
  ('6efca5ad-3a37-4aee-8e04-74bf10da8b2c', '76b7c983-e3c5-471a-800e-025416ffdd98', '1.5 Ton', '1.5 طن', 'AC-SPL-PST-1_5T', 'pcs'),
  ('2a27ca56-d5fb-4639-be91-ddb75f43f91b', '76b7c983-e3c5-471a-800e-025416ffdd98', '2.5 Ton', '2.5 طن', 'AC-SPL-PST-2_5T', 'pcs'),
  ('3d92a665-a3f4-4493-8934-cda9aca573a4', '75d5b0d8-5106-4156-94e2-26e1f722cf89', '3.0 Ton', '3.0 طن', 'AC-SPL-ROT-3_0T', 'pcs'),
  ('9ac12f2a-154c-49d5-b481-ffe50395696a', '75d5b0d8-5106-4156-94e2-26e1f722cf89', '2.5 Ton', '2.5 طن', 'AC-SPL-ROT-2_5T', 'pcs'),
  ('14d6d56f-dc3c-4132-ae33-24fc6c0ad854', '75d5b0d8-5106-4156-94e2-26e1f722cf89', '2.0 Ton', '2.0 طن', 'AC-SPL-ROT-2_0T', 'pcs'),
  ('7004cc08-06ae-456e-b948-0a5d88d8582c', '75d5b0d8-5106-4156-94e2-26e1f722cf89', '1.5 Ton', '1.5 طن', 'AC-SPL-ROT-1_5T', 'pcs'),
  ('ff88c159-dc43-4778-9fa9-7b0217521523', 'fe1de229-48c9-455a-8855-2a79ace05572', '1.5 Ton', '1.5 طن', 'AC-SPL-INV-1_5T', 'pcs'),
  ('f7e16dd3-922f-46ec-8fc3-446f97ba7a38', '76b7c983-e3c5-471a-800e-025416ffdd98', '3.0 Ton', '3.0 طن', 'AC-SPL-PST-3_0T', 'pcs'),
  ('a6b74cc2-4f61-47ad-9d17-0bd3ebb61cb2', '76b7c983-e3c5-471a-800e-025416ffdd98', '2.7 Ton', '2.7 طن', 'AC-SPL-PST-2_7T', 'pcs'),
  ('3a5a8b87-7539-4b7f-ba9a-87affbdefe79', '76b7c983-e3c5-471a-800e-025416ffdd98', '2.0 Ton', '2.0 طن', 'AC-SPL-PST-2_0T', 'pcs'),
  ('b4479019-9049-4aff-b5c8-f5525bc98687', '76b7c983-e3c5-471a-800e-025416ffdd98', '1.7 Ton', '1.7 طن', 'AC-SPL-PST-1_7T', 'pcs'),
  ('6fa068bf-7d35-4788-a660-76186a1b527a', '75d5b0d8-5106-4156-94e2-26e1f722cf89', '1.0 Ton', '1.0 طن', 'AC-SPL-ROT-1_0T', 'pcs'),
  ('a4d16362-5cb3-4597-bc15-11115703ccb4', 'fe1de229-48c9-455a-8855-2a79ace05572', '3.0 Ton', '3.0 طن', 'AC-SPL-INV-3_0T', 'pcs'),
  ('db771f14-3b4a-4255-9924-716096aceeba', 'fe1de229-48c9-455a-8855-2a79ace05572', '2.5 Ton', '2.5 طن', 'AC-SPL-INV-2_5T', 'pcs'),
  ('f6e38f53-ba16-4936-b930-bd94d12c02c9', 'fe1de229-48c9-455a-8855-2a79ace05572', '2.0 Ton', '2.0 طن', 'AC-SPL-INV-2_0T', 'pcs'),
  ('e8d1cb1f-6df4-4c78-ac23-c85bd2a8c37f', '012b664c-a3d2-4717-975f-e5dcd6b23bf5', '2.0 Ton', '2.0 طن', 'AC-WIN-ROT-2_0T', 'pcs'),
  ('0f7a9c2d-4177-46e3-9c0b-e77fdbe73d85', '012b664c-a3d2-4717-975f-e5dcd6b23bf5', '1.5 Ton', '1.5 طن', 'AC-WIN-ROT-1_5T', 'pcs'),
  ('9e98b7f6-710d-4990-b638-7d5ff0ba8ef0', '14516809-d8a2-49ef-b4d5-b957068cfe0b', '2.0 Ton', '2.0 طن', 'AC-WIN-INV-2_0T', 'pcs'),
  ('7147c9e2-4fd7-4814-bbb8-40a280038242', '14516809-d8a2-49ef-b4d5-b957068cfe0b', '1.5 Ton', '1.5 طن', 'AC-WIN-INV-1_5T', 'pcs'),
  ('68dfe6f4-fd42-40c9-b7a6-fa799e650b85', '32298f25-96fa-4fdf-b48e-3484d0b1a88b', '2.0 Ton', '2.0 طن', 'AC-WIN-PST-2_0T', 'pcs'),
  ('bd456b48-e4bb-41b4-927a-add16ce9aacc', 'a9c03463-14ef-4122-9a6e-4c5ed1136c35', '3.0 Ton', '3.0 طن', 'AC-STD-ROT-3_0T', 'pcs'),
  ('6619f12f-1eb5-43e4-b251-faf6c31a84d5', '149e924e-daee-422a-8f27-952e9e2c389d', '5.0 Ton', '5.0 طن', 'AC-STD-COP-5_0T', 'pcs'),
  ('edf579a6-bc87-4a7f-8136-424c91752e62', '149e924e-daee-422a-8f27-952e9e2c389d', '4.0 Ton', '4.0 طن', 'AC-STD-COP-4_0T', 'pcs'),
  ('a40d327f-4b4e-44da-874b-dbee4b12447e', 'a9c03463-14ef-4122-9a6e-4c5ed1136c35', '2.0 Ton', '2.0 طن', 'AC-STD-ROT-2_0T', 'pcs'),
  ('fbc2b51a-1bab-4da8-9355-741395ab012b', '382a3565-9fb0-4313-a59a-a71567b1b2d0', '8.0 Ton', '8.0 طن', 'AC-STD-INV-8_0T', 'pcs'),
  ('4f89b522-ab09-4020-aa86-e55d9625f07e', '508c41ee-5499-42eb-8491-e39ccd595d3f', '4.5 Ton', '4.5 طن', 'AC-FC-INV-4_5T', 'pcs'),
  ('08aefd8a-6288-4a1d-8f79-5383d3f2f373', '508c41ee-5499-42eb-8491-e39ccd595d3f', '4.0 Ton', '4.0 طن', 'AC-FC-INV-4_0T', 'pcs'),
  ('2916994d-88c2-46a3-ab25-31cffbfe4e0e', '508c41ee-5499-42eb-8491-e39ccd595d3f', '3.0 Ton', '3.0 طن', 'AC-FC-INV-3_0T', 'pcs'),
  ('b9a80c57-aae0-4628-b4ca-f2474c20182b', '51e69038-3b65-477c-9517-95c39e238aa6', '13AMP Socket - Single', '13AMP Socket - Single', 'EL-SOCK-13AMPSOCKETS', 'pcs'),
  ('4a07a1af-500e-4b40-9db9-ba992714d0b4', '51e69038-3b65-477c-9517-95c39e238aa6', '13AMP Socket - Double', '13AMP Socket - Double', 'EL-SOCK-13AMPSOCKETD', 'pcs'),
  ('ecbb4427-efb9-4976-8bc6-4a96a8398097', '51e69038-3b65-477c-9517-95c39e238aa6', 'Switch One Gang', 'Switch One Gang', 'EL-SOCK-SWITCHONEGAN', 'pcs'),
  ('fad74c95-c8dd-4e97-8d44-03fd9e068e83', '51e69038-3b65-477c-9517-95c39e238aa6', 'Switch Two Gang', 'Switch Two Gang', 'EL-SOCK-SWITCHTWOGAN', 'pcs'),
  ('fe8c0733-2129-4e66-932c-c832b0f31d74', '51e69038-3b65-477c-9517-95c39e238aa6', 'Switch Three Gang', 'Switch Three Gang', 'EL-SOCK-SWITCHTHREEG', 'pcs'),
  ('c3624938-38bd-46d8-bc56-b7d9cd538a7f', '15cb17bc-47c1-4d73-849a-849f7897a93b', 'LED Spot Light 7W GU10 BQ 3000K', 'LED Spot Light 7W GU10 BQ 3000K', 'EL-LED-LEDSPOTLIGHT', 'pcs'),
  ('a0a1aa94-ee92-4888-94d3-c68889f61dd9', '15cb17bc-47c1-4d73-849a-849f7897a93b', 'LED Spot Light 7W GU5.3 BQ 3000K', 'LED Spot Light 7W GU5.3 BQ 3000K', 'EL-LED-LEDSPOTLIGHT', 'pcs'),
  ('7a8f7b79-1859-43f8-889f-7256fbf68408', '15cb17bc-47c1-4d73-849a-849f7897a93b', 'LED Lamp E27 12W 6500K', 'LED Lamp E27 12W 6500K', 'EL-LED-LEDLAMPE2712', 'pcs'),
  ('0e9b13ab-9915-49f9-8db7-9d622fc87e1f', '15cb17bc-47c1-4d73-849a-849f7897a93b', 'LED Lamp E27 12W 3000K', 'LED Lamp E27 12W 3000K', 'EL-LED-LEDLAMPE2712', 'pcs'),
  ('a05e149b-b3ce-4669-b8c2-dfb7853356d0', '15cb17bc-47c1-4d73-849a-849f7897a93b', 'LED COB Down Light 20W 6500K', 'LED COB Down Light 20W 6500K', 'EL-LED-LEDCOBDOWNLI', 'pcs'),
  ('1dd84d0c-8461-4fd5-aa67-e1064f653f9f', '15cb17bc-47c1-4d73-849a-849f7897a93b', 'LED COB Down Light 30W 6500K', 'LED COB Down Light 30W 6500K', 'EL-LED-LEDCOBDOWNLI', 'pcs'),
  ('780bde00-f717-40d7-aa15-6fd6e33e4382', '29781309-4009-4554-84e2-bb9b5ac837cb', '16AMP MCB Single Pole', '16AMP MCB Single Pole', 'EL-MCB-16AMPMCBSING', 'pcs'),
  ('89fe5b4e-67f5-485d-8d05-313d11917368', '29781309-4009-4554-84e2-bb9b5ac837cb', '20AMP MCB Single Pole', '20AMP MCB Single Pole', 'EL-MCB-20AMPMCBSING', 'pcs'),
  ('1def9996-4439-44c2-868c-f572adc3a464', '29781309-4009-4554-84e2-bb9b5ac837cb', '32AMP MCB Single Pole', '32AMP MCB Single Pole', 'EL-MCB-32AMPMCBSING', 'pcs'),
  ('723216f9-f6c4-4eac-aec1-a2f8154c4c06', '29781309-4009-4554-84e2-bb9b5ac837cb', '16AMP ELCB Single Pole', '16AMP ELCB Single Pole', 'EL-MCB-16AMPELCBSIN', 'pcs'),
  ('91351d47-8679-4128-a815-77c2afd7082e', '29781309-4009-4554-84e2-bb9b5ac837cb', '20AMP ELCB Single Pole', '20AMP ELCB Single Pole', 'EL-MCB-20AMPELCBSIN', 'pcs'),
  ('d27fa4d0-0199-4e05-9f7c-172060223d62', '29781309-4009-4554-84e2-bb9b5ac837cb', '32AMP ELCB Single Pole', '32AMP ELCB Single Pole', 'EL-MCB-32AMPELCBSIN', 'pcs'),
  ('49467117-bc29-4245-9ff2-faeba988f1ee', '9d7944d7-b51b-40dc-b86c-08869a3a8739', 'Timer Switch 30A ST30A', 'Timer Switch 30A ST30A', 'EL-TIMER-TIMERSWITCH3', 'pcs'),
  ('993aefe8-e969-4b60-9eda-9dc6ca6f6c86', '9d7944d7-b51b-40dc-b86c-08869a3a8739', 'Timer Switch 30AMP', 'Timer Switch 30AMP', 'EL-TIMER-TIMERSWITCH3', 'pcs'),
  ('02df8c4d-93bf-4284-81f3-7e186257405c', '51e69038-3b65-477c-9517-95c39e238aa6', '3-Pin Top RR', '3-Pin Top RR', 'EL-SOCK-3PINTOPRR', 'pcs'),
  ('d65436e1-97dc-47c8-abcd-fe2db4dc01da', '51e69038-3b65-477c-9517-95c39e238aa6', 'Fuse 13AMP', 'Fuse 13AMP', 'EL-SOCK-FUSE13AMP', 'pcs'),
  ('90ad1415-0f3c-4061-9d05-1e10cdb18c11', '7a8cfc70-df14-435c-9f63-e8c26c06a056', 'Switch Double Pole 45AMP', 'Switch Double Pole 45AMP', 'EL-ISO-SWITCHDOUBLE', 'pcs'),
  ('98f7f830-4abd-40d6-85cf-5ce027d3ce2d', '7a8cfc70-df14-435c-9f63-e8c26c06a056', 'Switch Double Pole 20AMP', 'Switch Double Pole 20AMP', 'EL-ISO-SWITCHDOUBLE', 'pcs'),
  ('f22f6b4d-7a54-48ba-b2eb-12c4a1c07249', '7a8cfc70-df14-435c-9f63-e8c26c06a056', 'Outlet 20AMP', 'Outlet 20AMP', 'EL-ISO-OUTLET20AMP', 'pcs'),
  ('1054bb08-2588-45c8-bd77-e2229295db0c', '7a8cfc70-df14-435c-9f63-e8c26c06a056', 'Outlet 45AMP', 'Outlet 45AMP', 'EL-ISO-OUTLET45AMP', 'pcs'),
  ('cfbcbba4-a690-49d9-bda4-e47313a52297', '7a8cfc70-df14-435c-9f63-e8c26c06a056', '13AMP Spare Unit with Switch', '13AMP Spare Unit with Switch', 'EL-ISO-13AMPSPAREUN', 'pcs'),
  ('c1d8e98c-ec8a-482e-a19e-df012c8393d2', '7a8cfc70-df14-435c-9f63-e8c26c06a056', 'Isolator 32A 4-Pole IP65 PVC  - EL3215', 'Isolator 32A 4-Pole IP65 PVC  - EL3215', 'EL-ISO-ISOLATOR32A4', 'pcs'),
  ('a109db82-cf50-4d06-9fa8-c2250cf9799f', '9d7944d7-b51b-40dc-b86c-08869a3a8739', 'Timer Switch 20A TB358', 'Timer Switch 20A TB358', 'EL-TIMER-TIMERSWITCH2', 'pcs'),
  ('54c7dc6f-96af-46bf-a9d3-44701a79b0a5', '174863e7-3522-4f83-8151-a2ce2cd4d586', 'Non-Return Valve 1" Brass', 'Non-Return Valve 1" Brass', 'PL-VALV-NONRETURNVAL', 'pcs'),
  ('637f0cc7-3528-44e3-82b0-116a8160bc13', '174863e7-3522-4f83-8151-a2ce2cd4d586', 'Non-Return Valve 3/4" Brass', 'Non-Return Valve 3/4" Brass', 'PL-VALV-NONRETURNVAL', 'pcs'),
  ('8cf779d1-ffbe-473a-8024-cdb62f55d691', 'c97e0ef1-33fb-400e-b0c7-819b481331e2', 'Pressure Control', 'Pressure Control', 'PL-CTRL-PRESSURECONT', 'pcs'),
  ('88b53146-8ac9-4aca-9df8-308cee367733', '174863e7-3522-4f83-8151-a2ce2cd4d586', 'Float Valve 1" Model 855', 'Float Valve 1" Model 855', 'PL-VALV-FLOATVALVE1M', 'pcs'),
  ('39610ed8-8048-410f-8c62-94a3f6a65053', '174863e7-3522-4f83-8151-a2ce2cd4d586', 'Float Valve 3/4" Model 856', 'Float Valve 3/4" Model 856', 'PL-VALV-FLOATVALVE34', 'pcs'),
  ('6f5e9ab3-277d-4500-b686-e411c0672ad2', '2f6b80e7-8a03-4f66-a453-2db2e7809e27', 'Shattaf A5550 Armamix CP', 'Shattaf A5550 Armamix CP', 'PL-HOSE-SHATTAFA5550', 'pcs'),
  ('895a1e99-94a4-4f8e-a891-32cd2e5736f2', 'c97e0ef1-33fb-400e-b0c7-819b481331e2', 'Float Switch 3 Meter', 'Float Switch 3 Meter', 'PL-CTRL-FLOATSWITCH3', 'pcs'),
  ('dbeea2f3-1aa0-4c59-bc48-669ad8219f3f', '2f6b80e7-8a03-4f66-a453-2db2e7809e27', 'Magic Hose 1-1/4"', 'Magic Hose 1-1/4"', 'PL-HOSE-MAGICHOSE114', 'pcs'),
  ('f0245622-b46e-46d6-b2b0-47de033a72f6', '2f6b80e7-8a03-4f66-a453-2db2e7809e27', 'Magic Hose 1-1/2"', 'Magic Hose 1-1/2"', 'PL-HOSE-MAGICHOSE112', 'pcs'),
  ('fe242ccb-929a-48e0-8675-1584803f2c13', '2f6b80e7-8a03-4f66-a453-2db2e7809e27', 'Pop-Up Waste 1-1/4" Push-Type Short', 'Pop-Up Waste 1-1/4" Push-Type Short', 'PL-HOSE-POPUPWASTE11', 'pcs'),
  ('d850ef2d-126d-43c5-ab9f-e5b3d8a070e3', '174863e7-3522-4f83-8151-a2ce2cd4d586', 'Angle Valve 1/2" × 3/8"', 'Angle Valve 1/2" × 3/8"', 'PL-VALV-ANGLEVALVE12', 'pcs'),
  ('d14457cd-28dc-42c0-b0a8-6f33f71d4563', '174863e7-3522-4f83-8151-a2ce2cd4d586', 'Angle Valve 1/2"', 'Angle Valve 1/2"', 'PL-VALV-ANGLEVALVE12', 'pcs'),
  ('0b842998-d8f4-4287-a726-b69b32e5623b', '2f6b80e7-8a03-4f66-a453-2db2e7809e27', 'Drainage Cleaner - 920ML - Marvel', 'Drainage Cleaner - 920ML - Marvel', 'PL-HOSE-DRAINAGECLEA', 'pcs'),
  ('d9b413df-3070-425e-8112-17aca62904c5', '174863e7-3522-4f83-8151-a2ce2cd4d586', 'Water valve - HANDLE BIBCOCK', 'Water valve - HANDLE BIBCOCK', 'PL-VALV-WATERVALVEHA', 'pcs'),
  ('271a6679-88e7-482c-bcdb-b10c61c9670b', 'c97e0ef1-33fb-400e-b0c7-819b481331e2', 'Float Switches', 'Float Switches', 'PL-CTRL-FLOATSWITCHE', 'pcs')
ON CONFLICT (id) DO NOTHING;

-- ============================================================
-- inventory_brand_variants  (131 rows)
-- ============================================================
INSERT INTO inventory_brand_variants (id, item_id, brand, code, cost_price, selling_price, stock_level, incoming, average_cost, reserved_qty) VALUES
  ('fa862673-3b10-4731-95f9-fd3436a7f01a', 'cd3cb203-375e-44fa-b23e-75f9c01962e8', 'Alfacool', '', 1299.4, NULL, 0, 0, 1299.4, 0),
  ('1f234ba1-2d11-406a-963f-e62830ed438d', 'da570d4e-7845-4618-a4c4-425815d67b15', 'Alfacool', '', 1500.15, NULL, 0, 0, 1500.15, 0),
  ('9ca74c49-9d3e-43f9-a929-87690973eb22', '9cac0a31-e017-4e5e-93a0-209c14f644c8', 'Alfacool', '', 2153.5, NULL, 0, 0, 2153.5, 0),
  ('0576b49b-5c90-41e0-805c-681247d30028', 'cd3cb203-375e-44fa-b23e-75f9c01962e8', 'Hommer', '', 1250.0, NULL, 0, 0, 1250.0, 0),
  ('2e96fe26-725b-4674-a8e1-9c11ef58af51', 'da570d4e-7845-4618-a4c4-425815d67b15', 'Hommer', '', 1650.0, NULL, 0, 0, 1650.0, 0),
  ('c79a7361-6325-41d9-932e-8c9df81cf944', 'afa17183-2b09-4270-9090-1fbef5021b93', 'Hommer', '', 2336.0, NULL, 0, 0, 2336.0, 0),
  ('a6dbcc06-e8f8-4d10-a3d3-b5a2f9f53acb', 'bb9dbe59-33d9-4edb-bf18-e9fcc8ee46b2', 'Hommer', '', 2700.0, NULL, 0, 0, 2700.0, 0),
  ('0a427819-d476-4db6-9401-a79947a7f643', '7fc312e8-0746-4992-93af-68ed1903ef07', 'Alfaheat', '', 1405.41, NULL, 0, 0, 1405.41, 0),
  ('6a461356-70c0-40b6-81a2-6e3820e18752', '7fc312e8-0746-4992-93af-68ed1903ef07', 'Bradford White', '', 2250.0, NULL, 0, 0, 2250.0, 0),
  ('532521cd-8622-48d9-b34b-f639b04a98db', '7fc312e8-0746-4992-93af-68ed1903ef07', 'American Water Heater', '', 2200.0, NULL, 0, 0, 2200.0, 0),
  ('b1e1aec8-7a9f-4125-8519-33e7919f1818', 'f2a820e9-8d37-4f72-8a50-e27ee7ca1158', 'DAB', 'VA-65/180', 410.0, NULL, 0, 0, 410.0, 0),
  ('69a1bb32-3cc8-4390-b8ed-77291ba0d736', 'f2a820e9-8d37-4f72-8a50-e27ee7ca1158', 'SPCO', 'FGD 25-60-180 A', 310.0, NULL, 0, 0, 310.0, 0),
  ('b1d55420-baba-4166-9f84-ee64d8556bc7', 'f2a820e9-8d37-4f72-8a50-e27ee7ca1158', 'SPCO', 'SCP 32-8S', 320.0, NULL, 0, 0, 320.0, 0),
  ('f392bebb-ecab-4ebf-bd1b-f82677500130', '5fb841ed-7876-42ab-919a-8d4995019a20', 'DAB', 'KI-30/90', 750.0, NULL, 0, 0, 750.0, 0),
  ('6cde7800-2a8e-48c3-ad9e-380de7c77357', 'd561d0af-b056-4518-8d97-89dbfb4b0d4b', 'DAB', 'KI-30/120', 1050.0, NULL, 0, 0, 1050.0, 0),
  ('c0ef8806-71b9-4dae-afc7-07844c61d97a', '783c72a7-8420-40a2-93f0-0ff7559820f7', 'SPCO', 'SCM 4', 780.0, NULL, 0, 0, 780.0, 0),
  ('d79a01f2-e4f7-409e-bf79-09de6b22c603', '2fe09337-f8a1-4c81-a16f-46368842ea5f', 'Karcher', 'SP 22 Dirt', 823.81, NULL, 0, 0, 823.81, 0),
  ('066d03c3-f6bb-4290-a71c-9f2994abfdb5', 'c2bd073d-f71e-4790-a442-d18e023637fc', 'Karcher', 'SP7', NULL, NULL, 0, 0, NULL, 0),
  ('da5b3eda-1357-48cd-b1aa-0452e9721c3a', '6efca5ad-3a37-4aee-8e04-74bf10da8b2c', 'ORYX', '', 3000.0, NULL, 0, 0, 3000.0, 0),
  ('eb58bff0-6e9d-4165-a38a-c669794dd84b', '2a27ca56-d5fb-4639-be91-ddb75f43f91b', 'Fergo', '', 4100.0, NULL, 0, 0, 4100.0, 0),
  ('13db2b63-ac33-4ddf-a8e1-2103875ceaf9', '6efca5ad-3a37-4aee-8e04-74bf10da8b2c', 'Fergo', '', 2900.0, NULL, 0, 0, 2900.0, 0),
  ('9eb63b8a-7e7f-4f96-b294-3f2910d463b6', '3d92a665-a3f4-4493-8934-cda9aca573a4', 'Hisense', '', 3750.0, NULL, 0, 0, 3750.0, 0),
  ('320ad36a-a113-4541-bf28-1fddb27a009d', '9ac12f2a-154c-49d5-b481-ffe50395696a', 'Hisense', '', 3400.0, NULL, 0, 0, 3400.0, 0),
  ('920353d5-4d3a-4eff-8b68-758085a863b3', '14d6d56f-dc3c-4132-ae33-24fc6c0ad854', 'Hisense', '', 2100.0, NULL, 0, 0, 2100.0, 0),
  ('0855c5a2-68e3-4dfa-85ea-3d71acf5dd6e', '7004cc08-06ae-456e-b948-0a5d88d8582c', 'Hisense', '', 1800.0, NULL, 0, 0, 1800.0, 0),
  ('21703d60-e803-4d2f-9535-68b023f051d3', '3d92a665-a3f4-4493-8934-cda9aca573a4', 'Midea', '', 4100.0, NULL, 0, 0, 4100.0, 0),
  ('bcc903dc-0e90-4938-b035-6105a82a7f4d', '9ac12f2a-154c-49d5-b481-ffe50395696a', 'Midea', '', 3300.0, NULL, 0, 0, 3300.0, 0),
  ('ef108913-e04f-4e5c-b7a1-c421f2cb06e1', '14d6d56f-dc3c-4132-ae33-24fc6c0ad854', 'Midea', '', 2500.0, NULL, 0, 0, 2500.0, 0),
  ('766d5317-3125-409f-b0b8-4984f43e4d61', '7004cc08-06ae-456e-b948-0a5d88d8582c', 'Midea', '', 2100.0, NULL, 0, 0, 2100.0, 0),
  ('1181ec6b-61bb-4a8e-ab81-e5fad1ab12d0', 'ff88c159-dc43-4778-9fa9-7b0217521523', 'Midea', '', 3400.0, NULL, 0, 0, 3400.0, 0),
  ('861da04a-51b4-4bd8-89eb-90d25f6826fb', 'f7e16dd3-922f-46ec-8fc3-446f97ba7a38', 'Midea', '', 5300.0, NULL, 0, 0, 5300.0, 0),
  ('4d1b6626-b1b3-4555-8a51-283a8e41687f', 'a6b74cc2-4f61-47ad-9d17-0bd3ebb61cb2', 'Midea', '', 4600.0, NULL, 0, 0, 4600.0, 0),
  ('1ef1dab9-a5a9-42ab-8f84-69157d263112', '3a5a8b87-7539-4b7f-ba9a-87affbdefe79', 'Midea', '', 3500.0, NULL, 0, 0, 3500.0, 0),
  ('510a66a4-ebb2-432e-a52f-6d774c2c2e03', 'b4479019-9049-4aff-b5c8-f5525bc98687', 'Midea', '', 2950.0, NULL, 0, 0, 2950.0, 0),
  ('e0da7db0-0187-4687-90f7-c3b91f6840e6', '6fa068bf-7d35-4788-a660-76186a1b527a', 'GREE', '', 2190.0, NULL, 0, 0, 2190.0, 0),
  ('0be3971e-7b68-48c5-b5b6-befdd1241f22', 'b4479019-9049-4aff-b5c8-f5525bc98687', 'GREE', '', 3450.0, NULL, 0, 0, 3450.0, 0),
  ('aebeb776-da90-4ffe-8c3b-36914f1685f3', '3a5a8b87-7539-4b7f-ba9a-87affbdefe79', 'GREE', '', 3950.0, NULL, 0, 0, 3950.0, 0),
  ('13637dc1-5968-4dad-8754-3b9397872de8', '2a27ca56-d5fb-4639-be91-ddb75f43f91b', 'GREE', '', 4990.0, NULL, 0, 0, 4990.0, 0),
  ('30997281-b329-4d83-9bf8-43cb298dd5dc', 'a4d16362-5cb3-4597-bc15-11115703ccb4', 'GREE', '', 5650.0, NULL, 0, 0, 5650.0, 0),
  ('98583ab3-de94-4c8e-8829-2f5658025b15', 'db771f14-3b4a-4255-9924-716096aceeba', 'GREE', '', 5050.0, NULL, 0, 0, 5050.0, 0),
  ('daf706e6-4f18-4c28-b2f1-7c1c759912c1', 'f6e38f53-ba16-4936-b930-bd94d12c02c9', 'GREE', '', 4050.0, NULL, 0, 0, 4050.0, 0),
  ('bc5898c8-cde6-4c86-b49c-063f98d0eda2', 'ff88c159-dc43-4778-9fa9-7b0217521523', 'GREE', '', 3650.0, NULL, 0, 0, 3650.0, 0),
  ('c251e37b-9f12-4d11-8ba6-f63195faed52', 'e8d1cb1f-6df4-4c78-ac23-c85bd2a8c37f', 'ORYX', '', 1650.0, NULL, 0, 0, 1650.0, 0),
  ('c99ea4bc-4345-4d42-bafc-8fc60dbad156', 'e8d1cb1f-6df4-4c78-ac23-c85bd2a8c37f', 'Frego', '', 1700.0, NULL, 0, 0, 1700.0, 0),
  ('bedc6cc0-d688-4227-a2de-7273f7a2c1d3', '0f7a9c2d-4177-46e3-9c0b-e77fdbe73d85', 'Frego', '', 1500.0, NULL, 0, 0, 1500.0, 0),
  ('97d4b637-5582-4390-9775-af84150e0b6a', 'e8d1cb1f-6df4-4c78-ac23-c85bd2a8c37f', 'Hisense', '', 1800.0, NULL, 0, 0, 1800.0, 0),
  ('9da7cce2-d7a1-4807-b41d-a5642ffadd26', '0f7a9c2d-4177-46e3-9c0b-e77fdbe73d85', 'Hisense', '', 1600.0, NULL, 0, 0, 1600.0, 0),
  ('e1757a66-a902-492f-b52e-880fd30a9178', 'e8d1cb1f-6df4-4c78-ac23-c85bd2a8c37f', 'Midea', '', 1700.0, NULL, 0, 0, 1700.0, 0),
  ('33b67906-1a67-4d65-811b-1317845e8c59', '0f7a9c2d-4177-46e3-9c0b-e77fdbe73d85', 'Midea', '', 1600.0, NULL, 0, 0, 1600.0, 0),
  ('c3851c58-3f7e-409e-8ea3-02be6ee287ac', '9e98b7f6-710d-4990-b638-7d5ff0ba8ef0', 'Midea', '', 2400.0, NULL, 0, 0, 2400.0, 0),
  ('a7136687-1b3d-40d1-93bf-e750423875cf', '7147c9e2-4fd7-4814-bbb8-40a280038242', 'Midea', '', 2000.0, NULL, 0, 0, 2000.0, 0),
  ('22c6a15f-6ef5-4185-beaf-5609b0f1cbab', 'e8d1cb1f-6df4-4c78-ac23-c85bd2a8c37f', 'GREE', '', 1950.0, NULL, 0, 0, 1950.0, 0),
  ('80dc3571-7f74-4ef1-b1d5-3fff2ef7d3b4', '68dfe6f4-fd42-40c9-b7a6-fa799e650b85', 'GREE', '', 2350.0, NULL, 0, 0, 2350.0, 0),
  ('03c6f2b5-f70f-41a7-a7e5-707e105a0aac', 'bd456b48-e4bb-41b4-927a-add16ce9aacc', 'FREGO', '', 4600.0, NULL, 0, 0, 4600.0, 0),
  ('e1257663-948a-4c53-91da-866da7114ef9', '6619f12f-1eb5-43e4-b251-faf6c31a84d5', 'FREGO', '', 6900.0, NULL, 0, 0, 6900.0, 0),
  ('7bd8cd9f-f380-4c33-bd6b-6d4d998f0fa3', '6619f12f-1eb5-43e4-b251-faf6c31a84d5', 'Midea', '', 7400.0, NULL, 0, 0, 7400.0, 0),
  ('b06cd8a0-e562-412c-ac5a-fd48f31520c3', 'edf579a6-bc87-4a7f-8136-424c91752e62', 'Midea', '', 6600.0, NULL, 0, 0, 6600.0, 0),
  ('edf1b4f7-dbf8-4d4b-b42c-7b0116a5a0cd', 'bd456b48-e4bb-41b4-927a-add16ce9aacc', 'Midea', '', 5200.0, NULL, 0, 0, 5200.0, 0),
  ('61a922f0-fe66-4fb5-84d0-f3cb177cf781', 'a40d327f-4b4e-44da-874b-dbee4b12447e', 'Midea', '', 3800.0, NULL, 0, 0, 3800.0, 0),
  ('4d65c065-39f0-4adb-8b35-8ab15fcb5f38', '6619f12f-1eb5-43e4-b251-faf6c31a84d5', 'GREE', '', 8100.0, NULL, 0, 0, 8100.0, 0),
  ('b3dc2ae8-cadf-417a-b879-4e06a1184560', 'edf579a6-bc87-4a7f-8136-424c91752e62', 'GREE', '', 6600.0, NULL, 0, 0, 6600.0, 0),
  ('0b3a0f32-66e6-478e-bc32-156059031ebf', 'fbc2b51a-1bab-4da8-9355-741395ab012b', 'GREE', '', 15100.0, NULL, 0, 0, 15100.0, 0),
  ('3647312f-2e87-403c-b248-8553c05cd923', '4f89b522-ab09-4020-aa86-e55d9625f07e', 'GREE', '', 7750.0, NULL, 0, 0, 7750.0, 0),
  ('67f07f0c-75fb-4712-9f31-892ef77f27e8', '08aefd8a-6288-4a1d-8f79-5383d3f2f373', 'GREE', '', 7100.0, NULL, 0, 0, 7100.0, 0),
  ('50cf6cc8-6ed1-4846-a3ec-b3a65a7b9ab9', '2916994d-88c2-46a3-ab25-31cffbfe4e0e', 'GREE', '', 5850.0, NULL, 0, 0, 5850.0, 0),
  ('488b972c-fee4-46e7-9af9-d8b9deb8b7cb', '6fa068bf-7d35-4788-a660-76186a1b527a', 'Midea', '', 2000.0, NULL, 0, 0, 2000.0, 0),
  ('e5e9edbe-405c-462d-81bd-c0ea03fe1b6e', 'b9a80c57-aae0-4628-b4ca-f2474c20182b', 'Tenby', '', 7.5, NULL, 0, 0, 7.5, 0),
  ('d338be68-362d-48e4-bc34-c868b7bccb52', '4a07a1af-500e-4b40-9db9-ba992714d0b4', 'Tenby', '', 16.0, NULL, 0, 0, 16.0, 0),
  ('5d0a1013-01a6-411b-87f1-1235b4b6dd77', 'ecbb4427-efb9-4976-8bc6-4a96a8398097', 'Tenby', '', 4.5, NULL, 0, 0, 4.5, 0),
  ('15a81d9b-7289-44ea-8ecc-cc6c73eed956', 'fad74c95-c8dd-4e97-8d44-03fd9e068e83', 'Tenby', '', 8.0, NULL, 0, 0, 8.0, 0),
  ('4f9f5e82-d0f3-4538-be72-c9e3d93799de', 'fe8c0733-2129-4e66-932c-c832b0f31d74', 'Tenby', '', 10.0, NULL, 0, 0, 10.0, 0),
  ('6b868dad-0f18-4592-ab77-e1d390b99026', 'c3624938-38bd-46d8-bc56-b7d9cd538a7f', 'Vatsun', '', 5.0, NULL, 0, 0, 5.0, 0),
  ('5df46ce9-a0fb-45dd-963d-050ba06a6926', 'a0a1aa94-ee92-4888-94d3-c68889f61dd9', 'Vatsun', '', 5.5, NULL, 0, 0, 5.5, 0),
  ('93ba30f6-9336-40e7-a626-ee2099b8c68c', '7a8f7b79-1859-43f8-889f-7256fbf68408', 'Vatsun', '', 4.5, NULL, 0, 0, 4.5, 0),
  ('ffb32314-778e-48a4-9bc6-2e6a5bf09124', '0e9b13ab-9915-49f9-8db7-9d622fc87e1f', 'Vatsun', '', 4.5, NULL, 0, 0, 4.5, 0),
  ('3595d00e-1625-4c7d-9e12-57aacc9b5e07', 'a05e149b-b3ce-4669-b8c2-dfb7853356d0', 'Avanti', '', 12.0, NULL, 0, 0, 12.0, 0),
  ('d9b65316-d0b8-4c69-a174-8746b4f407e4', '1dd84d0c-8461-4fd5-aa67-e1064f653f9f', 'Avanti', '', 15.0, NULL, 0, 0, 15.0, 0),
  ('cb0f6429-151a-434f-a896-3931e20067a2', '780bde00-f717-40d7-aa15-6fd6e33e4382', 'Eaton - Malaysia', '', 15.0, NULL, 0, 0, 15.0, 0),
  ('f03f21ec-e89d-4e20-b999-0e5caf9a0e28', '89fe5b4e-67f5-485d-8d05-313d11917368', 'Eaton - Malaysia', '', 15.0, NULL, 0, 0, 15.0, 0),
  ('f2238b41-6d3d-43e2-9f29-1a3e1df49f3c', '1def9996-4439-44c2-868c-f572adc3a464', 'Eaton - Malaysia', '', 15.0, NULL, 0, 0, 15.0, 0),
  ('2cc10437-bf30-4255-adfa-799b9378d6fa', '780bde00-f717-40d7-aa15-6fd6e33e4382', 'Eaton  - Romania', '', 16.0, NULL, 0, 0, 16.0, 0),
  ('37e7a64b-43ac-4330-b976-cc59fe168d13', '89fe5b4e-67f5-485d-8d05-313d11917368', 'Eaton - Romania', '', 16.0, NULL, 0, 0, 16.0, 0),
  ('2983a562-a81b-46f1-8919-c76773b3b27b', '1def9996-4439-44c2-868c-f572adc3a464', 'Eaton - Romania', '', 16.0, NULL, 0, 0, 16.0, 0),
  ('aa45157a-89f2-4bb8-a7a2-470449b272d2', '723216f9-f6c4-4eac-aec1-a2f8154c4c06', 'Malaysia', '', 100.0, NULL, 0, 0, 100.0, 0),
  ('40aec146-8bc4-42d2-a36f-fffbd9ccd8be', '91351d47-8679-4128-a815-77c2afd7082e', 'Malaysia', '', 112.0, NULL, 0, 0, 112.0, 0),
  ('240fd072-5723-4226-a517-a879e07abab1', 'd27fa4d0-0199-4e05-9f7c-172060223d62', 'Malaysia', '', 112.0, NULL, 0, 0, 112.0, 0),
  ('0ab86b08-6725-4572-ac0f-5ed524008815', '723216f9-f6c4-4eac-aec1-a2f8154c4c06', 'Romania - UK', '', 108.0, NULL, 0, 0, 108.0, 0),
  ('b51acb16-51bd-49f6-9d8f-47b4675ba0e6', '91351d47-8679-4128-a815-77c2afd7082e', 'Romania - UK', '', 108.0, NULL, 0, 0, 108.0, 0),
  ('9e7f31a9-ca64-47f4-8b21-54557f8a7258', 'd27fa4d0-0199-4e05-9f7c-172060223d62', 'Romania - UK', '', 120.0, NULL, 0, 0, 120.0, 0),
  ('14184f06-3e18-416d-a2d1-0a301d31f6fa', '49467117-bc29-4245-9ff2-faeba988f1ee', 'Selex', '', 130.0, NULL, 0, 0, 130.0, 0),
  ('f3c17ac9-a6b5-46de-ba7e-2826776f0fd7', '993aefe8-e969-4b60-9eda-9dc6ca6f6c86', 'Kawamura  - Japan', '', 48.0, NULL, 0, 0, 48.0, 0),
  ('a60c2890-8f34-4de3-92d7-2fea1a39fd2b', '02df8c4d-93bf-4284-81f3-7e186257405c', 'Generic', '', 5.0, NULL, 0, 0, 5.0, 0),
  ('7b869a28-dc35-4d86-994e-56f406d324c2', 'd65436e1-97dc-47c8-abcd-fe2db4dc01da', 'Generic', '', 0.5, NULL, 0, 0, 0.5, 0),
  ('552cd8ae-4455-44c0-8e46-da33547c16bd', '90ad1415-0f3c-4061-9d05-1e10cdb18c11', 'Tenby', '', 22.0, NULL, 0, 0, 22.0, 0),
  ('1ad19229-2d86-4e4e-a5a4-3d9d39e2878f', '98f7f830-4abd-40d6-85cf-5ce027d3ce2d', 'Tenby', '', 12.5, NULL, 0, 0, 12.5, 0),
  ('4c6c36a4-1f42-4dd2-bd97-7744f0dec09d', 'f22f6b4d-7a54-48ba-b2eb-12c4a1c07249', 'Tenby', '', 10.0, NULL, 0, 0, 10.0, 0),
  ('290044e1-7d73-4d06-8984-a3a5b5e4b236', '1054bb08-2588-45c8-bd77-e2229295db0c', 'Tenby', '', 16.0, NULL, 0, 0, 16.0, 0),
  ('e1205b7f-7054-49e6-90eb-bafd22fdab11', 'cfbcbba4-a690-49d9-bda4-e47313a52297', 'Tenby', '', 20.0, NULL, 0, 0, 20.0, 0),
  ('aa95a78f-890b-444a-a08b-8c2cc9a40414', 'c1d8e98c-ec8a-482e-a19e-df012c8393d2', 'Scame Italy', '', 48.0, NULL, 0, 0, 48.0, 0),
  ('2d8b130c-5699-4e79-a9d4-75aa44690094', 'a109db82-cf50-4d06-9fa8-c2250cf9799f', 'Selex', '', 75.0, NULL, 0, 0, 75.0, 0),
  ('b51d4097-9c1c-4451-bbaf-81be0353fe37', '54c7dc6f-96af-46bf-a9d3-44701a79b0a5', 'Europa Model RKC HD', '', 22.0, NULL, 0, 0, 22.0, 0),
  ('7ede58c7-40b9-4b19-9309-132f33dc85d8', '637f0cc7-3528-44e3-82b0-116a8160bc13', 'Europa Model RKC HD', '', 15.0, NULL, 0, 0, 15.0, 0),
  ('ebae0694-cf8c-4235-a8c7-1174928eec61', '8cf779d1-ffbe-473a-8024-cdb62f55d691', 'Rafello Italy', '', 145.0, NULL, 0, 0, 145.0, 0),
  ('f02d6fdf-2759-4476-969b-90382546ae12', '88b53146-8ac9-4aca-9df8-308cee367733', 'Pegler UK', '', 49.0, NULL, 0, 0, 49.0, 0),
  ('b484de63-ce97-48df-978f-b2938de49b6a', '39610ed8-8048-410f-8c62-94a3f6a65053', 'Pegler UK', '', 28.0, NULL, 0, 0, 28.0, 0),
  ('9570939e-1278-4844-bb50-9e89d0c57d0e', '6f5e9ab3-277d-4500-b686-e411c0672ad2', 'Germany', '', 27.0, NULL, 0, 0, 27.0, 0),
  ('0f9cf534-2984-449b-ab43-167b210c7476', '895a1e99-94a4-4f8e-a891-32cd2e5736f2', 'Stuart - China', '', 45.0, NULL, 0, 0, 45.0, 0),
  ('35666781-0b45-4d7b-a0e5-941c07dec58b', 'dbeea2f3-1aa0-4c59-bc48-669ad8219f3f', 'Scotland', '', 10.0, NULL, 0, 0, 10.0, 0),
  ('ddfc7584-c5b1-48d9-8615-6746701ee276', 'f0245622-b46e-46d6-b2b0-47de033a72f6', 'Scotland', '', 10.0, NULL, 0, 0, 10.0, 0),
  ('636a8237-a400-4176-b5da-ea372c62baaa', 'fe242ccb-929a-48e0-8675-1584803f2c13', 'Hesse (K30/A-2005)', '', 15.0, NULL, 0, 0, 15.0, 0),
  ('50093d22-eab8-436a-83fe-fe85c2971eae', 'd850ef2d-126d-43c5-ab9f-e5b3d8a070e3', 'Grohe (22018000)', '', 20.0, NULL, 0, 0, 20.0, 0),
  ('c89df45e-c0a3-44ca-aafc-3beaf2a3d001', 'd14457cd-28dc-42c0-b0a8-6f33f71d4563', 'Grohe (2294000)', '', 30.0, NULL, 0, 0, 30.0, 0),
  ('abb17633-c46f-459b-ae47-2d1418dca161', '0b842998-d8f4-4287-a726-b69b32e5623b', 'Generic', '', 16.0, NULL, 0, 0, 16.0, 0),
  ('2bfb44ba-0d6e-4608-91c3-1293ea530ead', 'd9b413df-3070-425e-8112-17aca62904c5', 'Generic', '', 16.0, NULL, 0, 0, 16.0, 0),
  ('b6b8017e-1a65-41aa-abf2-a46195826f6c', '7004cc08-06ae-456e-b948-0a5d88d8582c', 'GREE', '', 2490.0, NULL, 0, 0, 2490.0, 0),
  ('eaf45496-7987-43b2-9efa-5ebbbe4a97e1', '14d6d56f-dc3c-4132-ae33-24fc6c0ad854', 'GREE', '', 2990.0, NULL, 0, 0, 2990.0, 0),
  ('5a5c069c-4707-4190-9f22-c118b82ebe37', '9ac12f2a-154c-49d5-b481-ffe50395696a', 'GREE', '', 3850.0, NULL, 0, 0, 3850.0, 0),
  ('bb5b646b-201f-47f0-8d69-d9b7a84b9bc9', '3d92a665-a3f4-4493-8934-cda9aca573a4', 'N&SYS', '', 3300.0, NULL, 0, 0, 3300.0, 0),
  ('24a45368-c56a-4fc2-8837-127c3b20fff3', '9ac12f2a-154c-49d5-b481-ffe50395696a', 'N&SYS', '', 2600.0, NULL, 0, 0, 2600.0, 0),
  ('d8632466-686b-439f-8d7e-80d1eb60506b', '14d6d56f-dc3c-4132-ae33-24fc6c0ad854', 'N&SYS', '', 2100.0, NULL, 0, 0, 2100.0, 0),
  ('fab6b313-7eae-45e0-94c3-6119b02dae1d', '7004cc08-06ae-456e-b948-0a5d88d8582c', 'N&SYS', '', 1800.0, NULL, 0, 0, 1800.0, 0),
  ('f18972d2-1158-457a-a6db-630ecc4efac4', '3d92a665-a3f4-4493-8934-cda9aca573a4', 'ORYX', '', 4250.0, NULL, 0, 0, 4250.0, 0),
  ('0bb4d3c3-10b0-4c30-bc16-8e77f90a25cd', '9ac12f2a-154c-49d5-b481-ffe50395696a', 'ORYX', '', 3300.0, NULL, 0, 0, 3300.0, 0),
  ('aecf1720-15ee-464e-9dcc-8ee3fea87272', '14d6d56f-dc3c-4132-ae33-24fc6c0ad854', 'ORYX', '', 2550.0, NULL, 0, 0, 2550.0, 0),
  ('316f1808-33b7-45b2-b101-fca8e2e4cd60', '7004cc08-06ae-456e-b948-0a5d88d8582c', 'ORYX', '', 2100.0, NULL, 0, 0, 2100.0, 0),
  ('78a638ab-5110-4e2c-af08-2736110a48ee', '3d92a665-a3f4-4493-8934-cda9aca573a4', 'Fergo', '', 3800.0, NULL, 0, 0, 3800.0, 0),
  ('5cb6436e-b832-4e51-8fd4-56357eeef3a9', '9ac12f2a-154c-49d5-b481-ffe50395696a', 'Fergo', '', 2900.0, NULL, 0, 0, 2900.0, 0),
  ('77c98c12-c1ff-4b16-b07b-db6b1f477f0c', '14d6d56f-dc3c-4132-ae33-24fc6c0ad854', 'Fergo', '', 2250.0, NULL, 0, 0, 2250.0, 0),
  ('3976d2bf-7354-466e-b894-1b32631522ce', '3a5a8b87-7539-4b7f-ba9a-87affbdefe79', 'Fergo', '', 3500.0, NULL, 0, 0, 3500.0, 0),
  ('7f67428e-b25a-4701-b649-41784697f57d', 'f6e38f53-ba16-4936-b930-bd94d12c02c9', 'Midea', '', 3950.0, NULL, 0, 0, 3950.0, 0),
  ('6e687bd8-c678-4035-a6ea-fe1688f1cda8', '271a6679-88e7-482c-bcdb-b10c61c9670b', 'Generic', '', NULL, NULL, 0, 0, NULL, 0)
ON CONFLICT (id) DO NOTHING;

COMMIT;